{"file_hashes":[{"block_hashes":["z75sDl+ZK+8HvVPBe8t6jU/bTeDf9qS/NU+JaRG5NnE=","JB5LilE77UDplR0V7zar5qNsRpQDA9WLZZC1jbf0qSs=","xHoW5smd0VDCweEulqPz53IWSLw77HyorQNNedAoYQw="],"block_size":4096,"path":"app.cs.js"},{"block_hashes":["beH4CU9IcbZvHkxrV1Y2IFfZ67W2hWwBG4EWbA2IHKw=","eB3gp0NePB0KH+a+AK/eCCXmQWX5g6Cv+p2Ws9FSNXA=","zYkAWTJGU9O1jjYWOYnqJWbY3cdU2VN2Fk/yyXAremE=","dEwoHqIPuC0NlbUrmeZdX6GBiHJ1twqVrdOR1VWiJdc="],"block_size":4096,"path":"client.cs.js"},{"block_hashes":["WfiIcgewEEBnOHaOcyjkqcLbpYBccxPHA2KR9RFltAo="],"block_size":4096,"path":"devtools/devtools.html"},{"block_hashes":["C3Psd21MOyUWx1uHyPN0/qz5Zbq7uTujYEx+JcOfkiM="],"block_size":4096,"path":"devtools/devtools.js"},{"block_hashes":["GQZfdPZS97ZW+XO+h13y5LhmKxNfr9np9pgzzajlmOk=","HtBoQGlwpjtjdsL0fFskWTfpK6+qxQ1qfwEfnWJ6GY4=","WxUH72GcBYZyPYH+v9ktBBnbELjmvqT5ipblr3iz9dU=","X7KNkl5cEiR8nNZQ30vCMEaX9DWramvuTtR8DqAfTbE=","38GUV6Asvp6NYzVtkLz4Yk8xQ/GqvDV1+fU85b+Wr18="],"block_size":4096,"path":"devtools/index.css"},{"block_hashes":["r5INHlcju+XXgpS0KoWWdyfbi/lblAeMzGflvs7d+S8="],"block_size":4096,"path":"devtools/index.html"},{"block_hashes":["ime18JUW4CaWi8V60173xD8C3J1dFllkOEawmYfaO+c=","347TvQ+U9NGqJxwXMgBMTbFrW1zu+lQTXGoE7TNpHK4=","jlSlG+/OUoRs/zGJ1CW+HE5X424SFSVGMbuH38BzMzw=","Bv+DKuc2U9BQl9uiRswYwSl4vr1kIaA5jr+adlViVUU=","mY6J4QA2mc0a2wDLKcR+Wa4RDGZ+JhQexOOIce84zOE=","E/XP3KclXX6usmK4Zg09EtLEY7CYlmAg46K9Rrsf/EI=","reRHY1LEYhVqrKPiNsCGKRjrsOG5R/e4L9alD0D/S8U=","wZxmh8vwPab1rYdqFIMbho0/1spVdO2LxweVLQQ1wOE=","Szba+tUxXFt9lPngmUjZ/RVTavh298O5OUiK10CnTQ8=","1SC7EjDmm/ivwmK176vO1O8H9MwrubG7xrf0a2NkMpo=","tiLBPgA7FStW2z6dy80c+jpgVN50o3LuRdpBPwvFZfI=","3J0koKHsZhDECqJiv4DTOybZf2rlPkud1S/Sm3v9EeE=","hQ5xJrqx0lDFB/eyNvApgN7y+ZF+naabhdeTvuIj5NI=","z/tK4TkxxfXwJ5qqTryXcPy0QK4Q5/YqhgGwwq6QN9M=","Hxyt8whQ41EAFYW9XxShm+y8rrlb537fcnh45HhfLfg=","fDe3eq5NPh9mWKAdRRhWJ1QvbZEvVNEaHWddxvpwIbs=","jckqpZ31yO9DRKoAfhU3TAR4EIx1MRGll5A1OhjoQqI=","Hh5WyFuNbfMoIkf0E7MDjYy19d0lPd8AgQtQUkImWgI=","xZ/L9FxKby9ysKHUHYAFJqFstwaojJaMvFEpN4wJB5Y=","Kn5N9u3jiHFrjh5zoN5RpIJ6GJU9cJ3uNYRZHal6Z7U=","Lz6grC2RK5BkaZgrIHdJLqqyWfJSYlSrfKnBLxW5RuA=","0qD8aTF1SN6kbqw5v4hT5pJo96y8v4mEQcA8nLXkHbU=","884Rq3zBXYi+u/4fU3jdLGNHi8aUJDTtz/cMJPiRMgk=","hw6qVqEqSrNXcYFdTaK+DvtKog//fAHQz39HUvaFJHg=","llWSz6rgnMOrg51t/6jVFFaLpE12MR/9LWp4UA3cYYA=","a/diSSlFesy84TSV7PLXoleafD4HfQKRH2PZYpGHOHQ=","zqkLc6GYslkf4uaUWOPI1mf0zI0kzWqCVUazeCxIowc=","aGsxvKX/0xG+iR5Juynj65Mgn9OFAqoBLi7xCfxwzJU=","MC29dA2+tziO7evUJnhWAbLqv5DMRFw40xMlv643n7g=","9YePg1ilq9CRvWWKE1/gGzMe+UrrlLWAsbK09ZTBgmg=","zW67vmxmUg5n4x0gs2aE0jb2kpkepc1set8uYCVX0OY=","nGY6SEI/DF/gcR667obrmlLt+HYqMhXmzdjZ8EpOptM=","T7TmwM3BB3rex51I4AUywddEZav03tRVh2eTxwEkHYE=","FtX+DkuuV+1tccAEngknU3O8pUA0xOYLj/TBNUZE1O4=","zfVgWB3ZBT8m4j/pD9m2FQw6J7y97KpMlYb5fwVF2ZI=","Z1xYjGtZ2gcYsHAwyvaXSYDu3e5xYDr44wx3E+zZGFs=","bFh6boYgdkpOudPhrtTjhPNu0PyuqXgyh5yh0LRFhdI=","/AkSKrji/5i8ztn8aWisQFGIGeHnmB/aRk6K8mXwzQA=","Aj1kzXT8LBtTBfkGcQCIlPUaLUjnudXFg63+O8lRsI4=","r3M0XndqDBKpi4FUenPAVW7PIcO/KXEShIAomMp8LRc=","506tCoMStEIZKG+D0mxC28PmsnSinkb1fXtRQHW4QJA=","s4m8mZhtZTCtAFeqKuMMdhHr4QS7Amp0alCeABSS9ho=","OGT4UBo5NxNXM3gvSZOjup1USlT+uaw+ghFh1D7N9To=","8BVnDCmdq9etti/dsmLbjrcsLGOzrslArFK40vTOsW0=","sW+4kcGO8co7AffkxNVOIuf6A+KYGqftOZS2tMiLWcw=","vI6jh9CwWsgh2ng2Xi++cIigPMK5blucwQCeKzh9cEE=","nhSKkP5ELeykvu7OubR7RGvtvBIUp3cMapvzrFkwQ6Y=","HQJyHI479gH+lk+f0+ZoNA3rd8DcuBrfn9gYcpb9zUs=","Odbxu2rdwmfLUt969zyahV/DocxXKxcJ+hrutnT9xB0=","lgXP+6ZyZe3/ykCbdMfPgEmoGIlLj6HQjGLDDop3jIw=","w3pI130ltzygVVOEAZKkmp6iWTzTfgzd0CaDZWXOpyY=","zTj4boxS54/O36yX4LH0iQ7G/uo6e6X4oO1swl5/ZuU=","QjW4q8L1+3kFYOpF2Wl7Unc8v0EobsQueJQpnhzM9YE=","B2TTcPTt+wdmPC54o0ujNnLEr8pv0OTBvjNtQyG16v8=","/cB9yFoalp6DrhQDfyB0RBWfTLrfKrQAattwJBPZn08=","w8GGeHnkzEbOn4nYcmWB0YhjbRjapu2Rb3wRSLoEQh0=","M9zIaBzcxfnlf/ElHCe03eGzogXr4fWcKS43XhcaPdM=","RS4dgfEqiXbWmJpj3gUkSNR/WSjslFXF3Y2VilO92JI=","kqg+eQLM1Pp1gb2MV5qcDn+cWRjoL3p0W0eruthVNWo=","YG9bwFbg7EUOBdOccMMZinv1oKXEQodc/FCgI+KN5z8=","Rlmqwah8kT8vvgcX2uuJLg+5jeUs3d0vij7T8BgKmPU=","uN0kd9cGFAr759sVn+UDx09Z2uWBc+Kol9+ziCliuhM=","rr+J1bwfr21BG4jCjuLPQzfxLqDBaolyY2IGs8y2Im0=","ASm4d8IcAFRKCjO//8v2D5BdZNuJCpmnj26EUXvS/4w=","qcVh4e7bT4RT4uGyw/rZKScBafjHZFYAijoxJemsabw=","YldH02BAtQZVIdJTSHb9YcYKrXDyBXA4Hb+MngEtzm4=","zypBZsTE5nLMkXbYhEkgm+brMq8K3rxNnPiuFs+mSzA=","7whHD9oDPgkfZkX3NGYND/kUNC6Gw1mdioBJeKa9+As=","dAWp58zYMFBhYz95ilTDmZZGipR8lO6I7KnG5scAkCI=","JRk6sYlBJuSveofKnGgf5rTpaCPgE0CyObEssxasI9o=","r7jPI++TLMP4fcPJJjkjQy8L7f29J5aXXwPuKobu2bU=","p2WkqxdqGR2Yj1EQXkwjmLOgSnInPWCpP+JlgRCzObc=","4LcYbBddD2Bbra9aogjosLGtVir4f6L3Ms0HBz/8udA=","2scYccRqfIVzGHrq2hoMo3swrD0B5PsuRZtU8Y/u2sc=","VnAp5YPFIqgROdiydG/NbUuzG/nW+rwWJvBuY/SCFEw=","p8ftu/eCar1jhA3DnGvt6102EaZR832fHzvwMc77SKA=","pvqMBT8X0xeGV5EJN1CfDcdfpSlQivlTtHtdwdT3b9M=","e8OIdr4vIzPGxv+AwrI4Z/n7SBwlaOgYL4mSdL2pbsw=","IWNoebg+PCoK7Rtg/18S+VzsiiTrV4l/mpKMe3DNsE4=","N3au1aTOnt26Vt9unp9CgLz2D9pTgOBiTozsLL7VOgE=","GiX9/C0p36pxp0HVzMkK1pKV6dDSLG1OLaHkmh2L/SI=","pl8BDc7UUSerhmu3qHt+HBt9mb5WFdFV1k2r4GpTLN0=","Wi3w5AidX3TR6spphhv1etJmpZMdxrX/NRnD2DIaU9Y=","CMtQgal8JA1UPnRTW9vdMkR8D0+sHBiUdr3Ijkbmqx4=","W/6yGju3ulbYjAMM+rNWqZRCToTUYYpmGyFhqnmcEE0=","b3qE1d1hu1aToUSPZTwbWXPucKGy1/1Nu9J3aqLFPXw=","FVWoMQvoHTqg+4Zc/BkM4MEYp9m1FhnnYsxyyFracdc=","haYM3XdyEUesBDVbp/r/51WCACvdRlg5aoJZ0/+eVwk=","vtP228nKo2Q3vWI7cLTaDfBcWdOAPgYs13AMHbeD4/c=","WLx9LHl7dUaqb50rlfk/0Srcojy/De4CimZ8Gk57lRc=","vBdWcxJyUOq7ETqMHChDGo5htnmhj+U91cHgm6ttrTs=","a1RbuzWYmVDlVdFCJ1tlA0ROnAoBJZqMZWRqIeV9kD8=","Ag4BDyL882MZcmB2UHLfpoGGBADXr/BHA/2puK9Nzws=","y1zNV9Y2FSGqz4bfLrHBnelQgLeaPqTPL6TTCKKtcQw=","SxhSG243bHkkyKr93u+ZvsvJwczy9TZ3Qb8to/IDr/4=","hNF0TowcCUfvTfEaks/AcLc2Fe2CieRjGKnU/Wg4bGU=","HB6RpAwgKfUoUkaZJZip0NL9uQqJXlA6WBqwi63YOAg=","6A5rFp8z29jsRm2G+gpFKiBY7sUOQtlzV6PfPXqRVU0=","u19X+RTo4rFyZcJa1ElWzbTEr+gXkZRGwnt4NPi+yPc=","wajq2MeS6HAr8wjKLUe2dK2bjVKVW1cG3Rz1ouDKQ8U=","Lfa3DPHmrW4QlPg6IERfzU3M8wQC+DS3ogWfiQ1E7uI=","mq078m5XIKarsZxS2Qf696ZzHd4BETVKX+MJ5XJckPY=","5moiE1Fc9ZQVRqlk4CkskoEyKgkk+b1CFs/3rYtUn6c=","hVd1817DOn4Lea4OpH54qvRKn+YhKJPGPT5sbpvFuPU=","ECiIbH4ErkdoONmpdV6vdVncoCvha8u5W9ohVGGD7dQ=","H+5BeHVGrYepVu2Ba53AjuNXxMV1sOj+acTwCJ8/o4I=","ftjuzW/tCsZPp8oVZfA4F1bxcBa42hOyhRnmMuwd9UM=","Oo20mWVQELGbQh/F4h+YTMIiNMzzPFOcvxAg9lIVU6w=","Qct0elziOFP5jnTG4vQSybdY6taXuC5v29k+CkBOggI=","0cd3IndBW1vcpUIxnIEPUkmeMmIO4zC3oaChCi+iDwg=","EFxGgDBXE2WImlqDk+IulVEu2cMRmmveSZPL8E2G/JM=","kEUYTQiLonb5waPT3wB/4b+UqRvdlJ+WQvrg8YPI37c=","eZAEt/IST4gEjlzF/slqfsrZf6LSEK6HDWLoLzzVayI=","yzbtGv931A0FAYURduAvRjtmLd0gL8xbSaod/RMrT7g=","a0gI3+B0i3S/B50x5dTKXMtvoHbNpB6KrXNWX0lbcJw=","Har6fB47OzSw/acDLNgWvp89sLL8UXgSzhhXmyGjAEE=","0FxYXXLi6wwT/ed4U4kIipPkCfUQmfMKIAggra1PCbQ=","n/RUMSc5y76DNBUhQ43/N/qeemfEMNS8iEaJ4n8wsG0=","USNsBzL1LnuHMNEjm2qwwjXT6l9sw0+inRvyBJDVBDo=","qokOSGmP5YlYxOPCRuOtfpDnmEGWfRcA6XeHjp0HktA=","jL85etuEO4zn6Z5Q0D5OmO7/G5sXGvH0Hjf4xQ2J0Hc=","xEWyJe6J0hOSDVca2H0hI4OcBl0kqeLb4JX0i4KmBNw=","IrbcLzIDLDe775ifblrDYlt+3Q4d0XNKE6/VOXo+1Lk=","LGbZMip0tez93SwpuQTFavm4EiyXc8zhOm47P+GBep0=","JnZ39aAfwypGLAAN25TNcIlEzfmVluGW7wi2qHpM9pw=","ffXJxrtf5+gjO61UThlPvYqOw5cLcNS9/B1kg6PRqK8=","2arNyHywYi5mg8hWQagUjA/0nIqW599oASxGiKcmVe0=","QgkfDg48joNNoPl0qePKG+V8bA90F15d9gBS7aV+H/0=","Kuvh207LWBLJ9NUOUvyNk0xVxXE4CO/1x8jyslr4RFI=","81l5ld+dq0rs7vqLIufvR/xIWG7XqIzhzqFKgndfKO4=","LpOMrSs5SKM49SV2tWfj+naJNFg3rVhJtnP/EGMz1wo=","/XgBiMgOo0QEUjdDffQvDWNY3VfGQduTcoA146t+9RI=","w/yYU1sADtgMJ2/rcrkeFZBHxzGh/DZujmIpdZrYcJA=","xwel/M+XrlXycocniwD53A4MEoOHnfoPpDBO5KO/pL8=","x3G/IBQWrdyXu3BxV2asumRKplPfI8Ry5s6kmphdW7Q=","5JXdpYWyQpDmetSbhtFrAk3r30oggs0aWotPEP/6Iwk=","3DKXMGvY6+Ph3J38D64og7Gd+qMA7YhElbxlnQOVC2c=","HFn7NZePZh/qQ36q428pztIpan218fSNOJoEz91g4Go=","MrSvnTQ135h2IFBvtBjIWVJaW1Nn+PzxxALGTJU0zao=","aPa0cChHZ6CA78SBB4GJ2dEwSCe8hvzIuAi3+MNeEVk=","fVpNGmUsHdZh5BX8jFl1r/xuA60gg76nItju0pPauBA=","kNNmPyR91gixIjzljtkQsg+pC+WtucU0brF+2P1e5bI=","RgVhhb7d0hQ65i1uWIkZDZdBd6fbgA0RDVN8v9lAOX8=","Elh+kZpa8vkayxnVnqmnwzI7tu7UA+PpMbqVBCL17Bw=","cmEQ3CHg1npmKFhGmRa+yJggh9/v/j3JOpFrd4NBWx8=","H9Op/CcYtFLDlu7b3KkAX1mOikWKWH9mNXsWiPRYn2Y=","OZDZn+k19VojNOCCdYpog3FkEdcLSVP1qk1oz3oUIXU=","BAPe4u82WNAug2Zd1e1zCc8fYwEkLaaQZpveJT/9J+w=","GZ3EoA+VRtH5fC0PVmM08ny/SXbLddsVp/ooZRAi/VM=","v5DjlXOP/xMXXvHu3StGzmjuVCqwOEZKMpf5X3IEVzM=","Eey6j6ldzah3+iXRBv5fBjSFmWcYHW/9NqbgWbp2zRw=","QNFdhnyBpo0tsIniKvC9qwwWr7ryYrLAxoprzYlGm/A=","D8LwFadPVC1I0UMA5qDbxftHB5++wOLOhdkLQmn9DE0=","ExASrs+IwhrbR+DT/tY22JRFwsC73Z/F03Glon+qUxU=","4CqU6rrd51+ZUId0Cex6g+YNPSH4jbJdkc1vlcJ3f2M=","y7QDepbxtyo2YWSGPUo4Wbvlm21GBX12N2+V0IY/ORA=","wJbGys2XyWQrc2ZP9dtrKNoSykU4wxN8yFAoRLTVcts=","5N0sjyrV4FGd5Zj7YZdmqFDPSGhnKTcOOqsOHHIFD1A=","iePcmTciXOdLHd89jo7NEkI0D817QhkhZKuCPjjYehI=","MlbutjkQFRGdlo5YQvM9DKCIq/y/uiTyTWv8VYlY0ok=","jKFKK7ic3c+HML5RQOd3lsO+MIXVnFT4FXVojSBqFLI=","QR827vJnbEnW9azjHA03MT2uIY4iU9lY0fzPyyGK+8A=","a1Jhf2gyNml2H4n+3K1BKoJLo0j/q7vXC1bcv0jAO7A=","UDR74cXFx2ufjzLGbQneDzqCt/9s+CywIN2xEbwmSuo=","DTFmaCwFF8iFFG8a2uv1uJT7vqL1BkbxTcW9mkEvNL0=","YGrodC8QwWLPncU7LNjQGVWY//AWtxGYxig3gq4bus4=","ptjeXkITa3BuOluFapHkml/q87PTYaPC30A1fpESoEs=","WZQ5MP15HnNjzxhNs0i8h9VwJeCFTje0V3UbWMfLCHg=","VFQvFWvLxbhDqfv45hoUkJNdUFae3tcql9SW1vWQqpk=","RodEwchzKAJPyMzbYCqcg24SQBEUQnZ7DiHtZFRexbA=","/l1czuGL9+SPbSBseRyf0g0VvYP0zMaS1k2S89gEdzY=","vJSd1fPUh74Z9DYFo7zHedvNPBycftvKw6yM3nwLn8w=","TvasMcDUmfPDHH4fB4alPC1W1miBBvPidUSRZv2xgLI=","8qHOR3y8OnLbd3sfhxIe55hID4qNyeCem/kDmlNNeZY=","VvXgCatXjabkmbgU68SCLAu0kYFQNawz0KshXBB0nps=","lz6EXv0v/lZplUO7jzyqzu1ES9HtKdvzkN7W4TDBzjo=","DYdyAA2Ih1pKrlj6cdGcMEJGY2VUy2FldcVMVtlR42I=","XE93mFEszijnctXe//d08/1GL5TRMOAqYv3KcltNwOk=","aZtczx3UnIfM44PVzozSRf5tSfJK5saMnUKmxQnY6Wo=","e0GUeZJ15VT9mzFSfis8T2M6/tVqVbCdlnrp1+IVj/M=","4MSx8OXzyHrtUdQ1idpiqhT7r5djPFM3HdR6MSR3F8M=","0lIW8msoCFhttltsZVYsi4LccpZrGfY7j9WROe/cQBk=","4zpCXq0QOreiBs6My057cKWZgbIccmU/0KU1egGDt0Y=","ubyWnqznEklbv9FAVMDvmFAobLnkhidHdf9mfQpHc+M=","2MXerAvd6RIeRN4lZWXJXXQ/q4zyM0wjQAcScGV0aHM=","NzZwVC8M1sxtmUc92tmhB3tPDPcqysxX83La+4a8qeM=","q7fdxQnQSlAf5ibAWFPBSJbNQ3ody4leoBN4g3JSm/w=","rvzqZ/R4bS3I/5UgF7H7xFdv5n59u9MXdKAKeflR7JQ=","t906Tqfb+ZLBdJ6ARmSmehG0aJh7Sw5C1gfNhNp8RVc=","ETbnT6ozno+z8eMMxqM4T650XCQiwAthOZTHVSWCPVw=","yxRtq8eidngrTkCdS0Dcwf+C0jKNj/seCPwM0EaR04I=","4Ran2drInIyBwFVax2bRRlC/vx5s4hUFk5wOmx1fptI=","p6/NVL8wV2uBWr7GwaEdHgh0fpeSykHn4aCas3TyjwU=","oH/c73RiSfrdr8jLBrVCJfC2DugbrRMHMg5BNVw7bQg=","1wORChEt62CK7chG6pYu6+uDKwcYs/3YMMwsVozEWx4=","fOYZNFwpTMOeZtnbG9RKfBxlfOPQ/em5d0iV2eWfuG0=","xmD6DZmGYUMsZ8TIlZ/m3Y3nVNeGisO9sJEuToGi2ic=","h4JrruGi9gjSTD5X6IOWVjohafB0Md3mWiZ1FRlmyk0=","lVpxUMHrQZHUWCrT8kgVMrgrSpoKqy0krWA62Dx/Orw=","IWgwP12CXuIUlrLL7ppYHuO7axy4fQEB8aIJmIrZqe8=","X1ooKJIRz5xmp+7vCDbtSwxznRZb8YyFgF7NaTFTusI=","TWZ5JYLguOYvK7gehoDOiWgSYENKYKCHmukay0XAp3Y=","5p5L/Pvu5vhHZJ+RQ0M3l02HHUnl22jTxztXd6oGyqQ=","ZkbnK9iNSxmy5JT3pScBBl0CuQxzlngCNbHIdWkXUuk=","biLFDXTo1Zgf6IMu2pIwswzi9SyfVkrJcBM7agSty8A=","9m8KWCP6djrqh67RV38FSKv7yL8RVX36dqm/ZqvAtOs=","8VYxjxJHZwVu1fFTN6zS8ca5jPAmsXl2OkEnBT7ksok=","94ULZ6B3UFFAYG1dqLFuHhSPRjMKTMTdMOzkd1mF7cg=","jdQCboOnQBGLbEjNDCo4/W4Eu3CR2M/SqnjOJkYmhac=","4iDI0bH3sy27/yV28+eO3kGl6+EpYqTZhb6QIPceHlM=","2LYCuA0fTF8aMvBJF4+ekRIBeUmJ6MjFKI44UIz7eQU=","n4IYTuBsvZU+clCor8ERlGaxrcJIeUKI2UNiPt4o45E=","OWEKhmiABsor2tfGRB07ldwu365g0BVoEZdSn/gr6IA=","4SRr4sZ3h4zBI16wTUkLJGSkKzZ9mMOh+XnUHOOHcIE=","fRncwVm5sjzkB0kuAHzEJOmTH3jjxncllG3mAai1wzA=","zPhM2hQieD7BrfGkwcG1XKztbpMRj8VA/Q/jYrbycEc=","6K0bc8okENw4yE5CNtlpqgnrIlQRoo2h1bPQ6H+wePg=","If6188s90Jzc8GDhti2Z6/jdJ2po6GQATIO6OQktQlM=","AtxR4yEIHgmE1/H2SvApuHOUR5OCCCIJoB++z8OiZAw=","lt7dM3YfMNZbz3/JoHX0Fb/9mpeRvUgYBPHBuZDg94s=","kUFYZMPSvN2hRyuBarb1gf1XxgupUT3Cexz7w5MJEr8=","5vpYWeWdMzbdQ9807myOdNRvMfP88okNj8H/iR+v8CE=","pg/aPnTKrRLvBGKp6JRJKzSa0abGtZSesAYjdetrY9U=","EydYG/27P7d2XwZRfAB1mn/IrzS8JDsXATxapDs0pS8=","aWe8K0QwNa8WDIq68ZKc/TFp9uaQ7bD8RnfBnKuO0UA=","mejN1gpVT9gRPv13tKbJqSVHX7sLv9F4vOBrZ6hikSs=","/QgbeU6re/4ud2ANDIH5wyOvudYJN5VOwh/89QOBeI0=","9p3NaQYVEYFOBRfJOFzpnxUfnAejW++V52h6j9ABCuk=","w7E2Y8EZaxkoPB+uyxm5/7sGA9tCtQagc8CnUDid+4U=","zZ7GKc46tvjcRYa9dtAgNra8AFELBaDRNbJjgr6isDw=","7E7sEHgFnuspBjmE57mPWDSaJ0qg0Z3LCms62yyGve4=","6td4RQBMCh/srTNU6VQxFAl8FnhLUG6C5p1KImOLxJo=","BajTX6D5VxaWIOK3Xw53MzacXqoUSKd+dmqb26vGFqM=","F/YO1sIauap1UaHV9K/h8tLQSucAgIs9gkDtni5Vh/I=","C2O+Zi55/fuFrjNZCz78E07D5ZH20Ro3aIvSamqe45o=","fsytUQU/KggxxT84+MSihJBggImoHn6R2mVSoPiYMXk=","Mil+7ppErWyOcdxUSjqD58pd9DiKSHRjSCh5zwl2YX4=","v7H9NHHc5JFTnf/BqOF4FTxZcwWeqFPv1JpZAcQ5tFI=","O1sFcsyp6MjhiNMOkDAEe/YhoX8ZD/+icvcx8slndYw=","Ny5BSPlGLFANCOZBA77QgOo0IXuwY1Sq6M9ycgps7gI=","KKGI64yIx/y2QNRI8i2DeH3mOoR4eLfO/fEIInG8fxQ=","Zpd+nS4i4apn1QpKLhNTGUk4inPHRRuZKGq/w/9qUU4=","6A2tmI3bUWEOxzAuvnEnFLE5SSsYwZYsGsusGLX+mkI=","NLGYjxwIi2E7wgdJZJd8K2rE1Yiu+9L0Mb6FZgiJ1r4=","H6wVghiyH6beF0P6CIcEWknGyH55Od6K4jfE7QfGFAI=","UiOaFdwSx5E3FT4/gOcZMmAYhpCzjweSxdh0dlIjkjA=","rkKXz3ZeelnRCakOs/iIefnSnTbpY1quSzg04Eof+BI=","Xeb0ET99o+i87yXze58xfg3IE5i7wav4sBxuCIbk83o=","Dt+G3WC+5F4ATSt5PMwM8Mxt4LJWex2ZwLltoDEkO7g=","BgH0mQNgR5p1Eu89bSTUXwB7bTsYZ27xxwYPOGNboDA=","xRo3jtF5X6zYIReRiBctJU86X4ipZQ7oPEU5pcarT9g=","0PxpJlviuDxZPNz02rTgGE/1ymKWFnkAvT5IoHo2lQ4=","ldoC+Eh9ypvOw6sXJPWreh+KvX6ZRf1wfja6c8wEUao=","YNYk2zAtSEmwmoo/lYiKHwNMzujSvYqVi9DsdDmLqvg=","Kz7FvGhbq7L5zkXBmOhpLTqsFtI0Wvv31lZG3v6Yj1Y=","FKpvCiLUSgPOYKIjtnzUzQDpRkiEsRZMMvATbrLV+CU=","l2/0RpbE2EgNT+p/Grqvy+f3/axSfdk/kYLkRYC7KHA=","IopAVtqID7sXClQoPybby7MV8dZvOMe4VSTKeaExIk0=","K4AmaXxtoZeuWblrr1dc70qYyehI/WZJnKVOFk1R4bU=","c7TQr7vEDu4ZqU7nOGgDsxzul7nNQa/+pA8q5ry1cog=","QfuyI35ZQEHqLjwOBeXlniaudcoDZrBL9L+dla+76WU=","3X3o/PM1NfJbPZ21DjCBc/cQ1o27JlByl4RVrGhVseU=","IyBIVTLHkEFLGmdxPkEpRn1i6Z5ds4t90yXCS7nXnYE=","NoQlacBp9WzM6P/ABwpbbMqInu2ZJovG9RTpw+DNUfU=","maHXOGFW8udYxcpY8MfKjgx9MwLQ6M3ldeq26jw/vUU=","N/rpK2n9VOKD1swmPHMbQSf7ofltFFoqJ/V+GEg0+OA=","GyN/creOAeRejKSv6E6IxYgpH69TfK9WHN2MDVnkaLw=","viMyI2NZJbpYd5VYwELBDnTZm0XFziiUiivPN+5o6Sk=","8s1CJVz1kXPMlZc//ARu9aMa9EfnNcHQ7SNfUxYdYjg=","RiSiuF4JRP9Jen1KCbIh7V/W/WfWuWuNc7pEGAdGvU0=","ybzg+VBRBK/84K/Bkw1YNUgl8ponUd/IW93Rt0MzG+4=","QfvSwC4gW3RS+7v3C8ahFiMb3/2GwnX4ckoQ2Xd9ge0=","C77YIOk68szALMns6wxNTUmAVdHnUkxM6tb7NN9z2es=","6REwswKoQZggLWIxcEqjVNqJKE2+UVd5Kws2UhN5meo=","CsPly9ffspRoxO1ebPdHRTa39rwqKpik63p6KzIKBm0=","GgQvhd4apG2nVxMaSO/o/64d3TdMqHZceM+RF6Jtw4A=","BQ21ux5EFgOKm0dlTJrkTAruWNoRP7WmUoQbxIpB0/8=","6WnxFzhYP9+8ssDPdELsBvnZ/8/utMR/VRAl+BA+ZVA=","ccwsQZBnbK5bohowxqh7X+CGtWD8yyJuUwoGWAhXT4Y=","XjEa6Q7uy4eoBVox7M5Ox6xLXNcjZZHL0XwKhb7taPo=","BWtM483f64kxu0P8wCxCCy9rzs2aubiWDay6TnMkCKk=","sYVgf2BmgMO/hia2fRAEHNk2WaMDfVeXFNYH0+2BQHM=","TjY20eiQxH4vE3J162855JCI/Pr8R2qmzIMoGFDF9zA=","jH0mX4p4bcylQ8ZT0rcT4X4Fa3viYOhkqt5PiNCN3EI=","T1rmn1CHBPxEa8H3WpDovJ0gB17OVF+3oSZxi0AiSzY=","VlRim+550CsA2nljWfMZalmx7/pbr9kS60P23TnvZnk=","I0pcqSNlOX52OIcrJW3qQuyCSYxCg2ckg62k4wjE99c=","+U/HtD/mww8BuacW/mcw/JpciFdg/uEemL0uxtYYDH0=","AaMefVahLoXav055RMsvD9FESkSXVQrbzuX1zsns1jQ=","7zQgu9PUBlnZQVIAzs6gAxu9FK7rZKghzLuCB/UYd7Q=","+htZ7Y5wGglOXh1+Zdxukem+rk5lrQFRi8rDy2IsvKU=","oKN1W2lHm01FuG91mR8ZxlHz2t3wLP5DT5XnYFSr9dk=","oZS2jTGXbDj7nl43wFSuN3E/m3roJiwuGTrurXaVxxo=","Bc6W4QdI5wImwqVsrUSIoQAEmpYQBTx5MW0/VhpXjVA=","/hgO1qYqmpbbTDE9LvulqAGShbyHkZ2RfOkbUC8aSnc=","0hq1ooUm0+8zlWux41TnK5guwE0ulZzoGb+Myi0kH18=","etKZZI02Ww+bWSOGDdabMd3OebwruqqVNpfp8ACfdSY=","vfZDzJHA0623X0fjuQ2iGhk5beIrrfx2P5YAZtSyguY=","coHYZtjTKDP3dI1w32+XqfXaRocjVMz2L1dmNByDYEk=","4m7EArNKhPDj5Kt6+TYkhxZlidusWRVkoV2Mj2t76gg=","BgFNU9F0yEhBcv+4Xg39vw2VlwB61PcQu56eQWv0gWs=","aWGG7iSNnmKWD3/7iGjVvmbP9EMOm/GEGtihiGUuikk=","6vRyU8ezimmAIMpq7nGPuJQzc/FQHCr4dOZWhJZcUqE=","WZAwkVmcbsJQu+FBg9VTpKy/zAPE0rxBHyyyPxwE9FE=","beueU9HHM1i27LRMwyNKLmEOllqfF2ZbuBi/5kx8Lvk=","YkAV5TV5YRnu9RnpC/vPf7041b9GYesEuSEMzJgjP5A=","6tNHs2IdZQ/cFfIZzuHi5plfAlYZcKilfQBBkVVT2P4=","Wh3sxUIUBwA70yTTnFYYUJimXK8cwCi9fXVGv8cgeLM=","XCpDq/HrKKU5HptXt6HO+5FOSMm+3PwJyNL/DWvklMk=","TjEj69F0BNzPf+OiIQUv2fiqc0PjKr1yu1zrCAdwGmY=","QrE0IldYEylnClDoxrl13fULsjWGFCGg7ulhMRJC758=","IUJKdNIvpnruH4LpoCcQobrd8tQkHSDjUQTGt87n55g=","ThqK9dOaLMmAY8TijYDp1Fqg2hyBq3/J0zjX2eEQnBU=","5ljo3vwM7/oZ085bLHGQwIZ0ZWjRrjU9PvLYnjgRnaE=","CyUuny2fRRR0tMbabnBYeBlGxYW7Osyu81MouzL6jdE=","wAMyuDpzyP0mv/AiNDwa9xsQxFcp9TXsI8heKi1aKm0=","FKIcsNLDCJkg3N/e0DBYHTD1lXETwH6HhCaM/S1qAB8=","agIpvgO3kSV3dBxFrx3NGz1VwfWaFsUBf4n2BISOms4=","c2CShzvJf8gVIJBweVUHp+7FCTdMT/QBoLaX/rlU2qo=","uLlCf41aHOZ8iRf88++IMfmMpYeRANX0Bfl9fiqBAYw=","I5ha/N0sFDP/ohYuXtAlyV6IrXHIrYB3x/94KTnIAas=","D2SkcEzARyg/0nVPNKK1xSWHQOZecHg47pzokn2rEnE=","VaQanKlyUg7u0SnTI/9EUSzMQspwy9gJuhwSrq64rMY=","QPBCCVS3W02vxoqi5luqxlhVE2fksYkZKCiyq/QPZMI=","URoasXp6mEpvyhufBKEWPBsGOUhj5OC7DH0T7Q4T/S4=","dwRDawbskIhnKymoOCq5iGdW2pXL2K0HxKxI5wDqHJA=","Ci5t4pDYxckKRmAywY5DrY8rddxzzD5khuQknHRYzMQ=","vUeuyKg5XFciaaT/UdkEp9xP9ehxbCLNpESB5/NG5rU=","d+istkVwaYMc0nUrfnuxHIuzeTPEI/lGpa3xEDmY4/Y=","gnQykpWzjQn4ZOEjmTNDiIhxNOYJ/8VD6qV+Kmac4pg=","oMs1aKcbu8qMl/yK6RUbClBtOctIk5sLphjK8Dj2o4E=","9PCpXssj1eUcfdwTIYNr9/HJn6jVXTxQ7q3bjhv9PM0=","N1/4tQutZApVlEejb4CUiVTQ0glkIePbY/qGsC+iqI4=","ou7pDtouQxClQ7VR1DZPHzzoyA1jDS7dqf6MQf75m7E=","nk6ToUFMyZkioE224fwiDo3UnOmuFffeC0cbOXlx3pY=","F84DqAn4sYu9hNe1MjuYRT+/y6Jl5dKiodITDgoYx4U=","9MdUbm98UgpU1Y0oFu/Ovol5fhpm9W/sq2rPMhVyvbQ=","WJly2ZdaK5vzH6dokKX09XAvQDitbeMDHo7tilm4esY=","HjtFkTHA/HMflbSGHgSGX99YJ3f4Aocxdt6GA1RKhww=","9jQZjAnYTCVzt9PRVCeBB/fJVkub1b1TrtSFan9TXjg=","a2gEAxR4nyKVgSuR7Cyu0qYMh+uSQ2Kt/bpa/KPWIYA=","Wokx7OWb95f+uENllzBDrAmH7ZKQKbkDYNYym9OT1/c=","jm+7GhlxCG51J1+g9rHWbaax1F9sDvWV5HmmIzoyZEo=","S//b//PE6Q4ntoN80OCYCBvC2gODh+5+tQHl8S8qzcE=","JNz+nsK5xf3IdLmJGLt0KYjtvU+PZN1029hD2dvehso=","q4kRfdHnx7R6h1geZIA3flk/oxl56BfmeqE0Gd9k3lU=","xWtPraBlVl301gOitkqbFCZ8CnZpPMumjxYadf7vLiE=","EGOeAPBQodko3kWXC1wHT68R1Jmc77IDe4nuEJHkWiE=","GxFcNIWtRygKO5UUXh0qLKfI3Bi1zUMjeyH8NrOQ0LE=","yIWzbqOdwx3r1odInHSA8A5sN7x/PlHB9tBnF5lmGWA=","fAET0xOKEALrOdMoLeeA1xdJ83x/FK6ZXsm+j2Vh70g=","qZTJWjUwH5OyqCZoa6dgjjs/zdmnNeLoRqUWozhD4qQ=","yGw19PPbhhEfozl90hEhXAtbhajzn2ZjNNzR1TBe8/0=","5US0IkMuTof5vIC3XhQW10ANfhBI5b3m/tDH4SFJs0s=","ayqZHseNrFwWd78aR73IVqLtPNc8xPUfw8syeDWrFfE=","f908oB9Iz1FnKY3uZ33Ro9AOsxWx4YR+6jTxZlzzbzg=","JzBoV1jFM7INX2pKaDQm6RmoqPaWjEOQ4jsyac8JGvE=","EGihQJUXfBjppib9PVXa5Pia0GG0TtTT6nIQ0Hn/AaM=","6HzFAF+YGvqlMhCVFn1eMclPM66E6M8Y1zGfn7FI38I=","9Z+i/ylg5bTXUa+DxvfSU/rZAPKRIv4RiPQBEfMOHbE=","DmuVS9abYjR7/GGv4jCoLC5ilBe0jnz4z29oVpQfui8=","ZkXTTIXC2gwg2RcS0sqYA8iToj6OOZnfsStLOwcBvew=","7xYSTH3ad8GY4oetzLvjbmjS5AutwLW//yg8pJJCBP4=","2zF0ZSfutH1SsTpFCPyQ12ifWLfkv58+GGEkSMdsJzs=","Wp0ywNVySaZdJfEHrB79OO74biLH7FzeAuWbEROK+ro=","1/Y/tmiH8gS8YyCG5uloTYx3z8BniW1awAc3Yv7Lq3w=","Za8necXRiVmb/sKlNLsc6C7ooqYjFTni5VN1xhIrPfM=","M3NRtQHeiQK16peyLZgzg5+h34F7eT+/dv2F/3dJAG8=","KNcC3rk+DR1qct3VCruUvYXEenzvS4aMR49dgA8zA44=","dE2UNDjfXAEfiVOdFHwFrpNNUKlBprDfEEAuzvELKVE=","Q5Y2BRiMYgmonL3ro/Q1yE2N6cmDrNuC/b3Ttd7t06k=","2Tx3M5JWpyCw2K8hGmCeyF8xp5MSsAOTt/gAjLE6F24=","wnNJdbaKWCfvhegFMyoh/KNWqBU9otKo9HcuQGqY5js=","mpBHoSC3S9e8I2JDcAC5HQNkCxMiv3gPMMbswd+FndU=","uzaj9eYoCZYu1I6hl1ZM2/ywZEfLREMA46koqdDrnak=","HCyIvx9hCcKSL1XdtLAAE98lvqFWxdOUCEb96ejQf/8=","bOzDBt/J4meiTm8xqOyrV+xi970pQqWGYjaglq1Gk8s=","2oY7FkXw/xa0HoOZ0mpA89UZfyPuYJqGJAhoESmsjpc=","c8K0KSFLkYhX41cpj5m32F3jquB/sYkDl1gF+op6Ij4=","6pjpmG2O5aadbg15Z8bNuZl+yLU/l8aFK7MZKzLh9DQ=","dCWWHZHjHSN2QolkWa+Kn9Ik6ywXrdBMgDyeb+BIWq8=","LrU0u6jhPmqTOUQR1LO9G8d4vBWwogNLvyPsDeVcVy0=","LpVTahWjupZlKc92KynI4sKbemf87XGZPDwe1Mekzwo=","Dlsyhg84ebNqIJGrEJGZk4XGe60U6dxOFP4ezUug7CU=","qE/nTX6+MPlS88fhIo1+E68nuUGC6k0/Le/esN7W4OA=","2FDacooMpaM6XrvvR8y9eCMqtAunmSSFw5Nw4q1ym90=","1mfX4BO4NW3eFiWhmxsZK32AILQ76CYUvQg/sl7dTqA=","/5wvx0X6t7EvCEk+jcbzC3MXvDGa20huL8QmkD9AJ60=","1q3UOqH/uzMmguOlvVmgnpDCCrWEd/T/Y0t2pFb+0tI=","Sp0/oNzegB3cs5jG3fbHeis15JEb1YxZ+UMzX7MrXiU=","dmoUKNAdNhaHYaNqKw92wJ5YpbuOrixodhNPKrP7Dak=","zaGRYFPaExG1jS8HE77NY9JpTGeb4gAJb1CuEF6sEG8=","wKHApIGuvhXlI6RDPng7a87eJScSMSgRKC19Xx/7E2E=","Sz9KHNOaUjX1zvLLMjkKL6Qzgp2iOw+oppf/WZhbxNI=","nTVXYr8mXUfeMhnVOUX5Hl9/Cvol2KTZJvPXTpzNVI8=","RkhmEux0OD05B0ELl4QlAaacYly2zzP9iweeXeMGQSA=","Zv7I3oBYKedClBu5JtoZCNab0QS0qY9WgzPykcntFWs=","P38G2qxZyDoteV50u2ITnwkjUCf+5a6Om4VfkXeP6UU=","jeM5omR/b1jbmzQzqI2VChGOr1g6Lg90OW2oKeqWYaM=","jkQWIM5Lp3XMc6X6yMD7GnauXg2VwXG+FesWUVvH8BA=","5T69cN1TDg4hG9s6CiyuMnbusjgfgydQLoAEuAbWvxQ=","/z1cl/XcX1XAEHrX1G1UL9Wq2zyYkUTELuQfSy0Wo7U=","1Zia8KYiEUdIBSEGwfCJznojKxN2j7VnbhH6VvCfLhI=","XTXZr1GPSqTlKhGJbYKXHLiOs4PM8rR53fbGemsyVjU=","M2loDmG3rC8XoLhE3bYng4oPutwQVePImFNO0UOlxgc=","/w/GAiFx2TpbTrzjFCNDv/dnvGADVz3vUSTj/3ngme8=","o1l+1El26HiUAbsY96sSrCC2e3H2MSVv9Ye1JnnJz/U=","mXwEFTyBUmzk7Eqx+XFJNV6rJdRdJRbpZ8BsFYhSIXA=","kQpuLd2gVSZwsavqkSW2wEqgo15dGCFSo978BsNMPvE=","P/Lc80rNyJA62Y1NCS0SU+GJRlE6JMvkFGSJnYy9POw=","EFg8s0GQjhZ0G2uVLLj+qy//UKy31aAKdKzMONeIbdk=","F3OwWf2fmITNVw3GkEXCakYpKGGK+hqjs5qLkREL9Yg=","7pV5mGiF/1OaDrId7LaXYLlFMEYtqbNwDW9QgRPWDOQ=","Q8iUem7dfOXVK3GPY60crS8KcvGStXeF1mPBXf6B8p8="],"block_size":4096,"path":"devtools/index.js"},{"block_hashes":["3+XoiGXHiHQCxIfDtOnFdypLf7m+30cxO0nxTMF0IR0="],"block_size":4096,"path":"libs/cacheJson.js"},{"block_hashes":["Hs5XojhRj+tkQb9YL3mWEB/hm+SqcWx4qtvppTLtkjw=","0IaAI9h/ssOai0894q0rqnVNJNgvkvjtsx+5CI7WRkQ=","sr+RYbifryCER26CRL6peqnAo31eTCrDRq/NA269D7s=","jqIQa6hHM/pCj+FLh5skMZHTHWq2MT4bFj6CyEcFbqc=","XmjGzoaVpwlK0VeAv9m+reB0XRBVKeWx0GTEWoXMPtc=","MIKZiGJZo2y72qxINzMdvRsCmWt7XlGInCt+t77wULw=","8VVIAnHyAYp0Dehif968EmzWgOVGGBEQ+BEfIOcw0TQ=","xqk/5QA9+X4Q7kWHWdSDCfLmYSZjnQBBuJHNPHtS8F8=","Z+y5NLCSXGrMswVmGVMhd6mERvTIxBUjipwKSeaMwlw=","MRmNLpmc+/roqeNZIc3eywCStu/0kQrFEtFcdUZG3eY=","VHEl5p2GJNtkmcKmmW8pNsy2fgHCl4a4ao7POinUTF4=","eCaFViZq3Vugu2wnix8EnFGIQvp2tev2EB0va1EROD0=","s+r1W+3KhJd5O3XmdWc9Mdsp6NZejPFxAbPBMqqoUog=","miqKfeFC+UaBASqEKs0L+2MJH16qe3hyjE/jWylYhk4=","xTDeLkM4JvNJhFJs8/1Pxz48fuGXV6sJohTWOc0mteo="],"block_size":4096,"path":"libs/customElements.js"},{"block_hashes":["fCvLjPU/BbBrS1AlzEoqr/oXvAKKM4+xT6lnqkjrlxs=","6kB1Eg3n2Oa8Zu0AKNl7elzntzE/aKBDk0oA8RociTI=","Xh299BHFytvU1oWwFuGqWMcUvp7MB/GhaBidMbUOZws=","R/IvcHFhGBgrftpx09IFOx7TssW2FZBZ+su9wz14Mf4=","/h7QQ6X5Wug0BuXqk/G/nTPaklLJqTJiD8YzcNa+yi4=","alMUcqzn7Zcr66hKOhpsqmDmMAyJet6CKwOPoOd7xtY=","tq4HOSr4uiRxKvazFZ+2WM7n4zjt4BFYTVpcLvZnl/s=","4mmUA7oklGCh1M0l819Oe23owrrRwKlojFWSe0Jnp4E=","UUwrb1F1JRvZca9HnzyNSBMRsnZWppB7zae8fLld7Ug=","nPMNoQmQ+qHK2I09KcnL6DmrEc4+idJlHuPoSB490Ts=","WAFTMJ4WeFDa+EmAqcvxbsMr2FAvsxT+KpOXxYSJcxw=","q//Oi8k34LkOi9n4cBdYuN2z8SQicEas4/jq3jr+BM8=","rSACd3yyGFXNc5YBiRDwztPHGL1Rwj73bCHRA4OaMnM=","AXKpwYe1BzbCfewXwa2bJTnZky89lJjXbqkOO8wFoOk=","4JpWgY0qvO1WvulIOIW1VSZYvFcpgdQrRk89qkh/Pyw=","54Y0VS8ov7GASpXoUn+RVCVDLSGxXHdPfcIwRUCPHUU=","jrgIIe0IkYNanaGd3a0xEy1ptm+uJZyTwUoTktc00sQ=","GKe/NeVXgG/7H4lLly+uzvcJ+jGOOKitIMXDi//l0Ns=","7cv0YOtgk0dPBu+tlJsSxjvvZ1hK0ngucG7oLNqwnF4=","TvTPNwy/Y5jRJnUAwmchgNuzhesjNt1rGhBuqo2g6rk=","OCyvKGcLpakkZXTKlHJAEqsJHdknnpmWCJalbtbNbdE=","337LXsrwoz6D3PgHBmZIpJjjQywjNMvhoWfgq5MLkuY=","+M2IAw6768dM7n3AHMzDyPH/Tg8BuI8DFIW28CWS3OE=","Pz4nX39HTP8+uBCDjWB4B6VQ3oHIhMg+kmCcdYblDAg=","zY4XCB7zs8Prs42sFFjxOASvLxy+8Zsob8N0Glif2/Q=","ERhKGjpXeRpPffleK3698HWJ2in1UxwjnOaN4/QuHbs=","3YhNx5ZfyTDlPiG8m8tis83edufT49GDWhacDsrPH30=","P2LZIS7yrCWQ3lCKT5/OQhF2hUpdAPfpkVC0bGJC7VU=","02KC6yPMxlaG/bbzUHuXxXNuBQhqlZpJK4yJbUInSVI=","QWbYoYtrLOU3v3yzGkk4b/SuVK4XTq2lFW83gYjfiu8=","vEqd5MPmGdU4X4FHQXmlVuoWaKESXhWWl4jswe7KZUQ=","tLcmXReu8l9Zr9NELpo9SnLz//N7ZmAaMJ16DfhFm8s=","vzHUcWBuyskw2OGND5JLhMEuTlgUj6Hcjc3VfXy1C3s=","VM8yjTqTT+M3rMSqs7mW1jhQn+usXtaJA1Toc02IzAo=","8vjnk9dPawt2LeBHOr07yaCxqW2nH8CX/QpL3seepEc=","fT2e+Po6AMD4m0BkstA94uK0Y0xdoZyb70lF9RHzkVo=","GH+asYO+SrbGV02TftTmWHEvPgi1H2/QmFm64NIW6jA=","6ULAn2JSW/6sbtbNqvNWB7FtTr51p5JHaC/re3dZ0i0=","6DEoadCh0Hk0w81YXpx1OoJX6rXfLhKO1OIMzTQ1xp4=","mIWV1byEc8ACPsp+xqi33rx+JZ7k2Mw/oH8F69bq4Dc=","3vgjawxYNQ7R6aFimVxFY6AjaQlWpIjbrhQHRMDMHIg=","swTU+jmkKQ6mhfMIynhSxBhG9CkKedN6TciJHw5Y8Vw=","KEr/dbKu/aNd0CODqGXwcQbQc+dT4VEwPL/K9l1OAlg=","BNB41WvLdfD/Jzd9Z96fHFe5KcSYbqWtAKvKfSzVcGg=","atUX3gbPnBJW9JT4FIqU6tYTo/3rdheyvLJflV8k76g=","xZVCVUJivLs9YThIZHLJCmSktmCsWIV8Ljnqj9j2j1g=","2sgNeOykUTsYJGogVYnH4ey4ZmSWDyaiwuQ5qF/jKEg=","lgJEEMGuzrutRyYlrI4HBCkAFM5TKRyQnn3nAG+K+Ls=","8RtwqFkzrtm5YagyBmHy9tjOm+J7XOXGKHRDwtjJG1M=","qw76gNDzszo5MKRxw7y3DBW9zrvuryhuezvFRZosI3I=","QnP/wd7BPG6sucmiYVB9XlEOHMlxs4OjYc1gZtOfxro=","a/nW1T+KD/cPBuJjBncUeTQgY2DAYjw/fiGWg0e3FNM=","xRMyw3uLaotd/IILow6VcI482sWUvEeVFEn+9JRDMAk=","cz99UB8t8DQCtmP0FyjSt7ewRFQOKcJORxFPHArXc6I=","7M1wxWnpjMGP7+Gdr4qUGgBHlYQhdg4F2F5CR7lUIdA=","iHg6E2RDzMlYDW/EUugDxitpDzhrDMwMoeHMfSPhs5I=","GGWFb5n8vXDlpUbNBz9bIP+PE6OMyv6CqvxDHHT594s=","ae75SXzXiTGG2DxoUBO1rs4RAUfMJWobSnXTxRMrq3s=","6D4hcfaDe9fHVyl2g3kxFuY92tc+Dy3FpyF1CM5+XXc=","oyjyuvAbtDxUKJjs6y0yZ1coW+jPrUDxm+taToLjVv0=","oNcdpBkLFCALwCd8vDdGxMP+uq3HI7mdgK+xZWBOV7c=","f6mZ/1DDb/okbEJswrsLyu07XH3Mmb27CfUsFTZ76iQ=","nP1l2aU7zenCXEq4zSye8jVyHpjfQLxpmGf7RI/ryJQ=","1bRvL/3maYNQaMQYBex7Onrx5ZXgkWwLBA4tNmDBD3Y=","+fK/MmKiCG5SVG2e8Qbh5NAq2lKFxi34dbmsHUsYI6I=","Y6G1ZQH+937eIR+UwNGbbBGxYZAv7najRi1dWJHV1JA=","SDxT0wm8v0BWsBCKKrInKluPdI4dMnNc3lyCTlZOhUk=","LbCMkEY3oZm2Lk5R/XpxpZuWyDv4AM2hYGb2alciH/8=","gEJsakEK5mar5UQENtu3Nc1zyVG0DSjxwHKxy/cImoA=","gT+KRt0KAvupLJlGpuqb0gvjtuCA4YAdSaNk7MDODW8=","fVp55LYh7No75GCOS9UO/nZrIOrC9E2M/ZVwR1p20SA=","6BwZyY6i1HWB7Tzei0vwo0M12LElFQT1JbhIqFr0Goc="],"block_size":4096,"path":"libs/requestly-web-sdk.js"},{"block_hashes":["5lVU99GL2r/TQynxYRVJNjgnxXCprNAt8rwuOmOWjRg=","CHRhGbczujs5UlUPxrlEhESPtldn33dwdb99lH7alz4=","moNCx3VutDSWzZGRTnR15nydufrhENpdBuCnCmjNzw8=","DpZcs33Av6Fj3EdDaOolO9eMf+d/Cx8n28AsC/n65IA="],"block_size":4096,"path":"page-scripts/ajaxRequestInterceptor.ps.js"},{"block_hashes":["waZq1LDASnHIMNhGb1bnEcsyjoFPXtN9/SfhGZnTBxs="],"block_size":4096,"path":"page-scripts/sessionRecorderHelper.ps.js"},{"block_hashes":["4T02oEKvs2+MsSYuOWyD+sqr9BcFxfPALXw4NVGjwio=","4vcl9gDlU9O263/kGQwCo50iOVwH8sNdfC6NZD+Fh0M=","G+cR/FFsnQ/bLq9bNe73xjPyvlE2zVkOLQbKyv4zxNo=","7E9GuTvjj4+IbTTkkGk/Am7f8PFXJYV9iEFXSfzpn4k=","gnG1VizHwVSRq9AUruLw/YRVMm/8xIqC/0wBs1UCbt8="],"block_size":4096,"path":"popup/popup.css"},{"block_hashes":["VCiqwUlme/oltRqRdhlbMLAorxjGJVetXFG0S+c5Qoo="],"block_size":4096,"path":"popup/popup.html"},{"block_hashes":["FEx79sN6gbnUBSHF2k09HJD/fjxNdkzXkX11XSKxg1w=","5Fw3mGrYr+T3WSigg+8mAk0lR8OInZNI294oyDcofXo=","CyjYCXw1JVkBEv9Qe6RJepnL+Ywpb30bMXg154bsonY=","a7D2pIv779GjkoW+l2UIpVLxiRzGu1L+WsqxxVDAVp0=","FTR9QpuMrigFYhOzZ90Cr2Hfy3P++DolOKFDD0kzrfQ=","yfwFyNBq4CDgmJgVqAP5F4QsrIPSrlZQcZ/ldi6vf4Y=","/1Z+s+Ca3z8gBjBW9KXXd4P/qs0iSNA5zS1yNgPOZYQ=","wvJssO062FqFKKYRtQYweHqVVuVOlPlS4tnpUrFCe3c=","ZWN4Jm3gORsN6FTieyqIYxYxiuxCO/wX07QUkbpt7GY=","pac1ftIP4eAhbL4X1t1OyoMNmqgpvt/kWFU/JbTJ/7Q=","yD+fpFDJd31nKDBR0Pp04NWKliEhCi+tUYLHp14DwHs=","y/8D6Qll+EHGaJTaoEY6xacKiWvEAs7fv5joHIPbal4=","QY8YncVDVrH97Rfi7DvDx8dOsNvYdP94PQK/xq2D+mM=","nseNrxFYZSeZ+crgcijctVd7A5+aq7/qPE+BpRhEB3c=","38nvPhwanXdSTrbQrSFa9I0qg4yyBx6u/F+HhqXmtCU=","HUaKeamh40G3+f3T3FW25mg/278ILtzJeW1kCnzdNgI=","5KEgVDtis/RyfYv6Pem0yaTxC+n3oVxSzfxalWntUXA=","81Jg6kcT+lgvuCjBZvPttml8awkgeB5sxKzVWyf1vyg=","EWt8kK+0jE9l2F/qhp8q3UiEmb+Hq/gXlHzEdgDZ7Zo=","sVcBXMuYz/jSFHRK+/q9ahU6N2jklZuMD6rToej4+og=","WGDcwwQLZLo+hYR4IgFjM9x6dVH12YyKl+luP02eBOg=","bSUpUf0kb1F587m7RZ1o+rltUYy+h8LLTgx7UXt5jog=","hd05eYFLGWYEIRw+iy7pslxR/8e9E7X4U79pO/KjAf8=","l90DUs+iEACvsiXdx4zMgXwBKKHv/5kScAPwyae+7pg=","PUJ1AQq8ZxobcgDlDDliDRQ4HcSEbYR4vjtcu+/4tY8=","y41b0ly2qro7mGH9hTwmWHVryQCvJcSnaU1/gt5YrP0=","P1mnm4kJdbiHfM+DjwhipYOUSI/2LsUgz/wC65MbxEg=","tSXuwJtRXErbVrvgq9ktbq54Rj5pHtctP1Wmcz11Wsg=","sY8lsiRUIjGLZiVkQh9rbqVtcMDBDyL5n+zJhNaGJkQ=","ex2U7V4nEu+NboTL/MsuNSBrJTLZYWdVig0e/XCBnDY=","scfr6o+EcSC8x5KDnIoseX5ykDDJYbAOn9EK0b6W38g=","KHNwIVgJbCl4Ae8HlotzqfMfQrjtuVxKS9UK/fqZO4U=","8DHb56dSmjXxB513mNBOJT0yk2lkK9mlaAe/hmq01kk=","TbXWH6qcZSorvy0/5tLXY8OGhP2idhYIjDfX47Th2ZQ=","Z52stSycKOXmOyJG/pIcckWAXMfD9rSfAXBoR9hNySk=","EAkF7oKBplMC4a2dU2bR0JNc+v6ydArInswje0fbwWY=","qN5B0kFj69EerF7TtaAKuJIbL6jAs7hAK/u8wyHpHwU=","3nsOqlaMGGdXwp1kbbcjs/9GiFtYSDDYh5s5uU/ZUMA=","hdJJvRTu9oGMwOd1pix74wTrRiB0GVd44cNayOMNC+E=","MR4kbTHkqNxdrlkRH8IzzvawwnIqoajhjAZnK9LQnC8=","vY0Ma8UKY1TH5rSKEnGwy3LvH4SSCj8J7P3xgyiTRG0=","Om1IkFXvx1m5y/5FLTjWAq0bGfgMh/3m3QtWeaOWTTk=","WtVzEFNOOTyo8VKqKRsD+wECwOKMHnX+F2inYgrZ3fw=","k2LKXlkaKegU6+U0gZiVJXgb9DAI7MOTcpmvrldb1/o=","ONfVLJYMyfCF2ONdzsRBY7keVib/3GIjLn7Cm/9+0RE=","tErntRmvrzBJZnSUmGrMk0Y842D08yZ8U18pYuXZ8BQ=","Ol/6m1BBAhKLH9ZR6pOieHZ1r7zT6NU1OnPg0qXsbtI=","2wDQ8PVElCeYqT5g47X98BtfsFT10255XgdA8h1j9Ic=","wIgneeiZHhqP68hL1/e5fUV6TVpH8aqgstQrKwTF81M=","QGGUiV0dttif/SpYc+0bj2Zww8+iQlMOZwC0UomGgaI=","lpNVGk//BwRl5pIQFC/CJb5RfVKZSnlUX8yyEkfK2Vk=","lSp6LoogxpFXn8YYmnuxqnb3sO/f61zAJu8gu8b1/98=","WcqRSw58W+Bd6j4u6S0Sn2tQBL//Pp7KDGBHjLlj7Vc=","MPelADO7skatiUHxSOmQEmtNGakLbKE/bK80/Q39vDg=","4iAJj//BI0XzgkWvFgbkDtN8WphrsG5xjXCYlIK1UfQ=","8GXwzHoRLZNCULEPf8/RjXoD5RWZr+ymLD0IvF07p/0=","d/zTJUFGLlB0XxXlDKVALeuBuB42hWS0fyKKwoKQMoI=","XPLdrdcmqDtUXIOzr0GAGzTMlgcRVTSkgm5jThx2pXE=","91K13rLyNxJOI1cUOLNFm+i4vuQBawm1Um1VOBgc11E=","KWMiN40jf9iqlSuZmuvHFKms63xP1k1zBTVTkzmZtcY=","JNs+0t7fUFL/Mw0jNAomVAgNS6deD5bLbL2DclCfuDI=","7BE1ZagbQlcACNwpYpV7AYvh13L+tqG3bWjCql6WD28=","b6kFmMgR/80ePTXLi9SZcPUfthjYiurAeiF1vL/3kqo=","K0xQksnDC0oJQcDGsuc9e37raK6CRZzLkY+ZVZRvquM=","5iIqwg/pOX7AkIYtZnTwXbKgGfnVypG3J4sCGVO2ADg=","OEML6aa/FhVyCwnDmtb2BZvHkX+n/micuf7K7cOzyhE=","aL0PB8x981uG4n8KpiDgTmMK6wYhfDQtkpEKXR4xjg0=","rKUE6imW1DLHypt3GbiIw72El9tZT2e7pTqf30449lk=","KWB9eHlXMq5yA9hoRgfWrXCZ4B5wFU7D/rOOZJR2vJs=","TvMo7W+ZONDOou3YqUcz8RvpCpzZbA3fiU5Vu4l2T0Y=","hBRXkrEVQwVpJavgktJofS+9M/SauMmpTLkXL26EqQ8=","ht2dnMXQYx57iIt6kKXNyPWXgYMQeWfICW3Pu9fU16Y=","0uN4txiOtHJHVKhLKf84P2mpBFqsn1MpJOWfmaZRqDI=","WkoKjcNGKYYX2codWCrRmn6PK/TTWj/THeU84NFNR84=","bRELMoFutbFGdgXr2j9rStoAc5zLqn2fMNke2zkBV08=","A4+0IqQBCA63colqSwOvLzD9iQlyjtEx+qJ/XO7rA0s=","IfzcTN5F0EqgNAF9/RCaZbH8Rot9keZZDB9E1jPbHyU=","GmVkDewH0FQoRTNqre2egeHGN3wQHwtAfhP66JBQQK0=","hM59BD2RLjXLp+yAtww2mU9nuFKW6G4sWZAvlXmVmTE=","AHK+FBbviJ2RoraDTTOcGGejiQAeCfe+wOfe5dX1OUM=","hnkm4cyICdcDP47fPsi+99pJsl9S91sMrTM5K9YIP3I=","1nAN17C5hujl4HgGrNXP2gqerClvjo21HpMYcqJubH4=","zsRwv6vXP3zXcUPtFM+mXro+8BAW2By79aKRqqWIktU=","GI1vai/7Qtjlbp9MBdiAT4GbcWclYsWoS+lr8AztKlY=","Uzzo7bAPyRP7Yrrxorf/Peym9/dINGDBa/VVvv6waQ8=","QpAMh+QLG+H7uoYi4xxreOnK8eU9PfSReUKHHyTXISY=","0li8wUBw1rp7l4odIJByFnOz4ouSTmj6F0pPI9QSBRc=","wxhAnS8ANyR2CNNrsMyF04GKvdZukFKYWfbyTvL+UCs=","Y2xCzk6hPHZsg8IEUfPABpITp+lYauLuzeRflecWmko=","OYXOA7nLe2FvutxXUTSC/8sDHo8MHbSWsFLwYA4T7HU=","pcGfGAVbdjfAxO1+xTtsVYpZuVXNsquCzX8194LN2tw=","KEXXLofDx3o543mkiTqZ1JFxhO3vjINY/cV+bhZdpZ4=","j9mhRXQiYN4sSjCcPdGnHt9+p0yPfVcigJDObVO6idg=","GU8C4VeCW2Ill28IRdJqUpLiNuUPJvxc9PxJhq5PI6E=","W45jUtb0DkDsGTH/zw9xBMDbzc4FaT1WnrwJEvS/j1s=","OQsQXoiGfOs3jgGK2Yne2GpKDSeyq3iT2VL0zZNcyXk=","QMb8Z6OP71OeclegH/EX7Qext7ch0wjgNLBTyTDDUBQ=","dtAyzIdxVsZ5TR/q0+TEVreHA7nC4h3f5Xqzgoyft3M=","rkMB2gM28bhHgl9GCoK4F6rjcbVbGBCW2Xp3fT3rbd4=","J315/8WX0OHg+hyuFMrjyizTmL1JWp2H4tlAApX7V+0=","r7zhKOBA8COSr8YGdZWGFEEoalNZy09aUlXhlc7hqss=","nc5dBhyycVykBmdfNGX4UIeiLPcvb6JKKP46qtUNwSA=","OL7JG6P6JMYeCUdIztF+FXlRaWcaCMyVBPL+hkLGnBI=","Xb8ZZP9abjN9RkkRH9w6VDg5byO+CMk8mNVwi9iBNtI=","AXXV45EhXNmx4BTaw0clE11kzDsXsE3fN5RPrlcpN9s=","Z5kuJc5Cl7pl4QYEfpksKYE+2iG/oBnW4z3Fjs+ACTg=","Lh/APBpCM6xamEV5mOLEwEC9BqCiWyMvWRE7mpJcyoQ=","7i6J2NcEOf5aNrGfFyPL/8LJdUrfcJeXdzbl4xaBMME=","Q42ebM9qHStb60adtYHIN/eftrEHDY8QAMWFZ/ypqm4=","fLYFrwnmQfgjWQcsHY7xynOU8grrKXbO0Hq5G+kBcwo=","xpZeclBX8oJjQyDjnUgYNFgWFqwFzxk8ljNnsVPhy8U=","zZUgn+WhywAg9HEGkI3neKCZTa8J/wktJQaPvw+bMTo=","Gl3bOn9qU51/kzlvAWhIuxtzttzdoPxwjrCRlSBdTNc=","xfsU5j6Xh/5EatoOE2leEXXpCPVUNcvB3i5JBhPHpI8=","E/4hIBmsL4adm6N4hv48wBnZacGnTGvRdPXa0YvPzXE=","B2fuBzZTQuPMNRrAHwTI3aCwNf7ky1asUKTbohO4YQ8=","vR7o+j801DdMYEeq9X9mT9ENIxgsltrHOAhjFchZJKE=","UxzSTnWvieUeTFOr+MIJqO0JbxwfnRjgc20be5SAmX8=","hG3itmRl35dvg34K18/b2eUUDpH9qSFGAn3/9pzmTsA=","PycQHrr8G0ndMDzDtR4Ic1azb5G9Tvq44qO8+HjCNm8=","WSMNNcYYsPvOuFHsas1WqyNg0dFntO8JcULGz9Q9VpE=","UGed9ulu+OV9zle4pIKHDMWt2UEKpSMt6/iKO8+lfGw=","fvBQIosPEAvBuA8IX6lYpGqKmFCaIJJMSAPVuJM8g8I=","8VyGqRQUF/bUCl0O90c5yG5I4bGk7kVW2tRS4lMN8/U=","eaYEHAKko+jB/cM0cezCv3cufP7PtdIEXsgRiSZhiFM=","NiPn/aas/hrjyFiuLAn6i2qhD9sla9muMCQiBSOLRkA=","zOXtI9wHSeUZhF4UBYg2AVpFDvz6xW1vCtr6yWbk+w0=","AYwO8Sd/5kRtqcQ07R+4yFNM+/TDo4kzPEacs890y0E=","pX2Zpa/kZZTYR0NN1XsEOtUx0Q67V/dsRnXsd2MI3rM=","mBZgPfy60shFlrHn1VIY2DGv74jp3OGFKvSRpDVTrPs=","VKyiyUSDEL4ThxjWjxbkZv3w2mey47VeCFRAunXgius=","wRtOAhZEngSVrt1inZ4YezATbOVZaiGXQ8hyklqpqxw=","XfwqQfGpHEwSi6zgfGagfSAHod+6gL+wHHmWUNhxCc0=","384cYYBd/mNr/PS2wH2t7Pay1FqBVnKmfiKD/eLG1Ew=","+ZdeKm/XKkqL8ZX02THf+L7uv2ixkrHcvUNlPG2UyY4=","7D0zC9fXS4qAZNpUHxtD4epjGFyPtvYoa0aIq6mYxqY=","i4KIct/gziJT4lXfsevqhJzu7x6igYgXCLJPAYMAkDs=","bkvvLe70C7Q+s0v1oVYR16c2d8BeKMlUEHT43ljwXUQ=","f1bGPdc195g21frj5EWWwHqk+H7XpO3qM2Eb5LCcNyk=","tWMVcPyDIwTz2YQ5RJzBgL4MLhgwWK2HFk3fg39J5TM=","5AEtBmKDAmHKW6OLPLRseSJJ32OAs/IPaEMEDXuZXEA=","sOQPZTJxC2Fyt+bmdG73yGQ1gACCjL29zjsm9pIXako=","QDUDEBGcmcKL51gu1lE5v85UBcG6AZy5ije7f/WmluY=","Vu2GFFR9DNTICQUYQUg5J9NCtUwKInOaXA96/X3FQTk=","TU/FtTPdZHLr/cSY1x/a6WQEctmxtJ6brWNNAPu4AJ0=","BsEf9CSBY3gR4kIRBCucaS62YwIFu/jxLRAB7vKwYzA=","FVET1LrAbQgBdo78Ca9khLJEiE3mhXISrFtE58B0FI0=","WvSi8XLBWTjmQ/mx75TazrtVYDPn4ObjJWX+NZHSRQo=","1oC4kLZxVsMu/LmBpIFzzEsuwXbQgmLg67JsOHnLvaA=","RdtNr8rbCvlcfaJ/cujSerf+2faUM959EP2aKxqX9Y4=","ogzzeWP7R2j6gTll/9UUAjbqHcNFTCar95HKIPicdOU=","w8FrwqxJDKaS2OEOfSTZCRtwmGhdpUTx5EEKVIZr6Is=","OQe9UvYI0YSjB4tyRDx1tVQalA+dt1yGQm+Dtbxhuks=","ACmSRfDYYxzzR8n7nVVVxOUS/q8+PKyP/JzGxaD1LKs=","CoriTRLYssbj8K74zlMUkSlZgTnoaQRR3vFFBCdMbOY=","lC0x0gfOlpfvTtTr8wlnQD6LQgeTuCgfw6O+VgGesvs=","gYC657eOwLsccg32mwz63vKbXrudxbrilS3XgiaZvKY=","FrppZvHd+hHhH6kiBWAU4MMEa4LHE4d5c4aRTpm3Zho=","hDQ6Z3dpaCQzamE/ooUmw2+p36b4DFQ6cRe2xhM4NPo=","3zKfUUDI5rE9z04oG8cwuq97w+awJITiQrdgZgKvpkY=","J1fu8RYqKzpVuPMhXOpORiic91/RltfLPuipJgMWn84=","XVBLKDwAOeXaKsms4hAQPp1ofds0rUyvtiCQCKoZgjc="],"block_size":4096,"path":"popup/popup.js"},{"block_hashes":["1r/KsbyEA0F1ynhVyUVvXW9BREm5woO438tEAkDjG3M="],"block_size":4096,"path":"resources/images/48x48_blocked.png"},{"block_hashes":["WOYlobqKUg/WeW7yA7plkF55anAe0vFelX0+vXSXsvE="],"block_size":4096,"path":"resources/images/48x48_desktop.png"},{"block_hashes":["oiZBiB8mQ4n6+Q5QK5Q1XVKWJS7cUXaWbVkosksxlmY="],"block_size":4096,"path":"resources/images/48x48_green.png"},{"block_hashes":["NEw0sRMSTzhur1BiA3da7eu9MjqmLMG3GIqz+vxalr0="],"block_size":4096,"path":"resources/images/48x48_green_rec.png"},{"block_hashes":["XvRIFKZGFeOzg7Wj0cZ1DMLQ8B0NiJdc9sBA2HP8vA4="],"block_size":4096,"path":"resources/images/48x48_greyscale.png"},{"block_hashes":["PHCvEqP+/oITh0ijafZ2jzeeT7Ku/421ollcuf7pIrY="],"block_size":4096,"path":"resources/images/48x48_rec.png"},{"block_hashes":["LZKb2jfLNA1uBoTSWBK7T4s2EgiY4S/2L8E6Ii67lWI=","T42Z6VQ2wk7LetytQ6ibL/gP+iHIvXwcOa9czUt2k1w="],"block_size":4096,"path":"resources/images/extended_logo.png"},{"block_hashes":["JnJ5CtB1hiLrL6AbPD8vgSf9S9npR2u7GpB1+0epJxQ="],"block_size":4096,"path":"resources/static-rules/delayRules.json"},{"block_hashes":["wKhtLOUbbzlZ3DFkZSngF6kRCdC0YZT4Stu6DL4zJbQ="],"block_size":4096,"path":"resources/static-rules/headerRules.json"},{"block_hashes":["THVgLJRD5OTR/oA047I1W9WJRImT03SsUIe+4iMD+A4=","nqJsp2cemrs1DKvSurJYpyE5lNRuM0EFCRnvUaJxZlc=","1iob9V5FSVxBAym73ycQ6Jz65X2hFE0X+3IdTYMares=","5VSbYq05bKNR9vLB8Zcm9JIZenRGH+gKJIviXFwAuXo=","uDGjWTQSkK6XbhNlamcJAcTZuuaAUBa+0jmZxSmnkNg=","sYHwh4L0Vyq6hNouQHtBY3EMHV2pNt+Ddg6Fpk1GZqA=","FnNvgbvoUiB/R4eQzupTgIRvhHcc/Ly4Y07YHF3NKfo=","SSV5lfzPK8fEHyGbHi1OGttxH2Wc52fyylvLYeX3JSA=","tHtkEyQhKZsxOpUxeR+0LMIPLNWKPph6kxW603znTMQ=","DSIr6ALezxIDmn1jdBfNCreRLxU2GcHsOvR2/5qUKUA=","8B8dn5x5WIpItIcpx92mhb+1bWoddGlhshW62EDdxJo="],"block_size":4096,"path":"serviceWorker.js"}],"version":2}