{"file_hashes":[{"block_hashes":["3fFoWaFfPrMzTWJBl1yjmIrD6vw9lkUqw6Sv02RMhVA="],"block_size":4096,"path":"_locales/be/messages.json"},{"block_hashes":["pIJmMpKpE7AqnN5GNcfJInC/PIcm/SdEddwsSQAZp8k="],"block_size":4096,"path":"_locales/cy/messages.json"},{"block_hashes":["pBZw1SQjumnHpl5+FT57mZTo3QNwxYS9oHFL1hxJxXg="],"block_size":4096,"path":"_locales/eu/messages.json"},{"block_hashes":["mJBxDfD78dtBvOQf4vYkJKO9OddV0p6Cl0TtPaDCzh0="],"block_size":4096,"path":"_locales/gl/messages.json"},{"block_hashes":["Cxbj+L2QSnZyhDRa6GoKmSfEev6J4F6isTrYAAm9+eQ="],"block_size":4096,"path":"_locales/hy/messages.json"},{"block_hashes":["lD5hmIyFm7CI9UiInwRJiFUl3WYGJqibpnsslM+/uxs="],"block_size":4096,"path":"_locales/is/messages.json"},{"block_hashes":["u7gcMvSCujIWybEYnHDO85yowhga81OP+ge0xq1S8Go="],"block_size":4096,"path":"_locales/iw/messages.json"},{"block_hashes":["MImLv1G91Y2zl/94DwYeM0MaOO9c/CiLUXfs92s5nyY="],"block_size":4096,"path":"_locales/ka/messages.json"},{"block_hashes":["VI3GyW4xoWzjVdxVxkgzsI7z+6i/MxSQMbSmhZWeOvQ="],"block_size":4096,"path":"_locales/kk/messages.json"},{"block_hashes":["phGPCg3jKeB8AfU81vtP7UPlTF9T20zRx/WytNn7EOY="],"block_size":4096,"path":"_locales/km/messages.json"},{"block_hashes":["iQgvsFIpgmvCIvXSLBWCNfAl8ObfZ/8TWhi9iZ4Tu48="],"block_size":4096,"path":"_locales/lo/messages.json"},{"block_hashes":["YT2HUfbMnT+jGfS36osr077Tf9B3SCyoJZKd18Eqaag="],"block_size":4096,"path":"_locales/mn/messages.json"},{"block_hashes":["JDvvvWtnohQz3Ml9wacoiW06Bw3CAFXrBNZE4buVX+c="],"block_size":4096,"path":"_locales/my/messages.json"},{"block_hashes":["Fg4c1ZPJAccpHqTsunNRkdeT3f1+lkagVgSYYn9h2m8="],"block_size":4096,"path":"_locales/ne/messages.json"},{"block_hashes":["u9N9Qbfeb5OUj6JDenaZ1MMKPDnnNheXAvISyzajEzw="],"block_size":4096,"path":"_locales/pa/messages.json"},{"block_hashes":["VCQevmUag0QjXMR6/SdMCAq668jDolr7ldg3O2pWcKI="],"block_size":4096,"path":"_locales/si/messages.json"},{"block_hashes":["MPRM+tBS1z2G0S+iDPwRFWOjsuRSO0P31m2TS6jazpE="],"block_size":4096,"path":"_locales/zh_HK/messages.json"},{"block_hashes":["7Hjd1MzzK1127HAaIBZ8P70UbXmlBeT7BCH8Hlz0qmM="],"block_size":4096,"path":"_locales/zu/messages.json"},{"block_hashes":["bGnOD+b6sU8ZkKMg1wT+42LBdcAOtskiSqb0EQiRjKY="],"block_size":4096,"path":"dasherSettingSchema.json"},{"block_hashes":["ufotUqT/q7Q4tWGEExuJOwRlWwHzNgZkFdT+g57+ZOc="],"block_size":4096,"path":"offscreendocument.html"},{"block_hashes":["3uI5W8j23PW8FE7auMEEWvB5lNjrO4gErBEi4E9vrpM=","mGqBuXsDT5TLjqTT+8nNycQRsRQxILcBfgZioaGkQFA=","Fi+hR3HijvTcqhunELjPqjnuZgTOPB1gJt2Bi9ygtt8=","Ns4FNa01Tfrd5VnGIwa2LMh7pY9cfsX7kKon042921Q=","mYn55vyvcLBHFEjg7Zi4nR7EmSk+CbdxcYhgrPT8zbI=","2iG289kS9UX0Uz8zrsfuxtaqZjbYKJ5ILSrw2ziXniA=","Vzaa76lRxYpNKX5sdM2XA4L2hneoq6FUWYzx00ZPpRk=","56YZNxYsu5mvNdtUGp6NJdxW2CnHbQKNaFBTUOGSxMY=","MJPhMg7+eNHSmUZg8pphV7QMrH5Ws9Cctm9Aw7lAU3A=","AwIjA79SnEcP/rp3OuZXIiWUC16E9UZs1YmV0jdRWLg=","MbJrXp3IomGhizscY1rhGWb6Z4NFfycT2qdNsHeBc2o=","kFVpFLMdJZ0sBTlZkqy0qyWXvIRwtLAJBV9yfutjxyw=","fHWnb/r3K1yN7Fyb0IrUlbkQe+0WjuDD3nExVPs250s=","WYkzg7YyqvuaYZtR+nzuPlVq93J0qm1F0MgMCATZLQc=","ADDxnGZ61nMw2VQenNO1HLqkRk6BRKF7VITGU6xPK8Q=","mswoJemoqTk01gy80AVbGuGWEQupfHN5PQIoH2O9cL0=","y4cNyHfGp9r0NynpE9rE+jIdqGHfDhh8MG5k8kSdAM4=","6CiSRB/LIIo93yroPCl+uAhy8byxLVK5qfvlL2P/M+o=","xxye2esuvzkUOUYyeResFnrF8wbe7lLJlrwNpz9qY/w=","UBzAoVALZ+AHY/nNPKE9RMSfVUM5x2pQl65MpIHBFyc=","VYkNVi5NOHo6tHIfknzZmonSw22xkVJX6laKES/+ar4=","GzeBXc+CrD9HL/1q3JKGrOU0/7JSJQ0vgijrjXbuqAA=","lQAcYiFBSV+51g7lXWFpfdLw1bMdymfxWprB17fqXa0=","YV9JHZuN3vdK2OK0v2Dk9ylpG4hlxpCNB16qSuk2RAk=","qz2yXre9Q3GOt58m0FD2QFBjU3MuBg2U4wddWGabzLQ=","MNP4F9P2aFvFFUX6ZeymK6saPquqa7YVot/HtQBx7Gc=","2WVlTjjy6Ccc4ctbo5VCXn4F260k/u16ZnPhyd4jTBQ=","bYp76lb36ub/d0mzXbiutPBdA6Qd/83NSkvnAsQ2DJg=","SAoBhaEORsRCzl5TrFDPEM0lpQhZzNy6OSFQa9fD+g0=","WaLfKk/jDcBriGdnm5jKeK7hc6SOhFpQqEyd948E+uA=","KmLJclrXsHk+GoCupo10j0Gc6m8gMTZlUyx7PdjX5+s=","Iqb/ggEVGzOkDMU6UPPw/kMUAGcfVJteamjvxsrzcTM=","nCSDGLdXn7f/VoR/H3GRZiPetM0cJK6YtYO9PRHL1i0="],"block_size":4096,"path":"offscreendocument_main.js"},{"block_hashes":["i6mwH+jrFuZnO35TQWl+xEkCbKkC0/FjBZJNhTozmtg="],"block_size":4096,"path":"page_embed_script.js"},{"block_hashes":["PAHtlh2MOjb+HR6b3iw/+mOMM6KPcKvdd6p0P9I9/ys=","TS0hMpYGLIrMcx/pLAwsjnzNYO6cmbGa7YeP6NytcRs=","jrHH89DkCYarr2cAKCNbeiw6UFZ0DF7cIP/rPe9kFJQ=","U81EsJz6T8KivBKb9V6AJITgWLBXB0PlDFfFa+UWnf4=","crzAVrj5QRh5P0cq/x6Xo/TxoT7cf2JuyroN3QLQagA=","VPMtGJGsgIwvRfaEBJhl+i1KIrG1FWh1xok1vCr3DTA=","lbOTFiw0eLuTgiAZocZ/6OG9WGeuBYKoamHmX/Uc7GY=","+QHoQQkDk6u8p/HjJI/12UzABW8IvX1mjWBmMqI26Bs=","/bPVNqFdp0iY+la+mDm4HEf0HbXsseLRxCXlmK5knOQ=","PkLCY8zjsDJ7K5/VMnwC+ykNyxVQpjAhjj3Mcmlja+8=","yh3cPXPCiYd+OAFDvK+UT8uO/czEMCwnVJ5vN79961w=","q2oLM6k3BYE6oISWegM3NlZSEqP+a5uhTCqEhubqr+U=","oXoEJ4bMVYFOv07t/043dlVeNauTEpGXqv66ootS9cI=","ZZewhpX0sgCgNv/BinXRgL3bpjcZVqgoWlZ4MEr9E7k=","YyN18kzTWXM0s1bhX92a110f2W0kenN5mR0qaTwIFBI=","jILIeAu5DCtnK1ZG1PMjfzBcEs9aKh8LcrdKYnepvFs=","nNouykqBjCfpjG6d7lFHhFc2S64ZSGtyVkeq0x4tITI=","L3a78JW1frgRnDt5hoz4sKtJUTjAa/Sq+zbaIov4ZbA=","MoMy4HlAIEEZmqJ5DtChiVxjR4JBFzF4RLJzau7s94A=","OZ9zUIvZOTBsmwbJN1QZO7r2atbGxasddS6M3ZR+/mI=","oOcI3HpHorhJM1mqAsLsuMjUkh23dTYGwz2Wee3detI=","gxoqvNye8UtJk9vtG7kOuV3BiZRmHHZPk0QvTfTEpdM=","PLUTxGTQj6Mhg7QVMGXfYe49uJC7PLl9To95olBy9mA=","60c75nfV50cjOUU7SD268YbIciDPyx0s5fijRu2vzIs=","uVzEigsHMW+7r9h6PzJoRWvIi98XrFgPny7/9lqOj88=","nsPh3jGUDia0q3u11CK1dekmVy7/VtXNDB+obBDLKzE=","PNIvkS/72R0f6cpEeus5aaox7LyPeviFc5Sk/ttUai8=","ksaHnfkHZhuxPWGr/ip2sS3L20sI6syc1hMGwUd9kU0=","8UYacwkMnLRXfaee8SgyMpI8B5BzWNORZuS7JHMFNH0=","0BJAnutv5r4sMzn9T1eatAwvIuJwI+LOKWrD2S3r4zQ=","+/MSrsfksO5aBZdTOnhOLsZgbOL6eMqA99Iozae7vVI=","gS+EVg68wBwPUAm+YgcfP0Vm0QbdgAM+GhzwK3ODaqc=","Oqp8xPjg8TvlDJV8+wDLmleTWZYAngBMDJQDce0+Avk=","yArzGeDCT/zfkjJwEanh3qI7mRbIX+qjpy+IWkDYxr0=","8P/3EinK/NPKX39klwjk1pcJev66zWxmF7JMqJk66G0="],"block_size":4096,"path":"service_worker_bin_prod.js"}],"version":2}